{"stats":{"minecraft:custom":{"minecraft:time_since_rest":2571,"minecraft:crouch_one_cm":659,"minecraft:walk_one_cm":4449,"minecraft:play_time":3469,"minecraft:sprint_one_cm":4649,"minecraft:damage_taken":483,"minecraft:deaths":1,"minecraft:sneak_time":230,"minecraft:mob_kills":2,"minecraft:jump":94,"minecraft:damage_dealt":333,"minecraft:leave_game":1,"minecraft:time_since_death":2523,"minecraft:total_world_time":3469,"minecraft:fly_one_cm":10127,"minecraft:fall_one_cm":2714},"minecraft:crafted":{"minecraft:oak_planks":8},"minecraft:killed":{"minecraft:skeleton":1,"minecraft:zombie":1},"minecraft:used":{"minecraft:cobblestone":1,"minecraft:oak_planks":8},"minecraft:killed_by":{"minecraft:skeleton":1},"minecraft:mined":{"minecraft:short_grass":19,"minecraft:oak_log":2,"minecraft:fern":6},"minecraft:picked_up":{"minecraft:bone":2,"minecraft:wheat_seeds":2,"minecraft:oak_log":2,"minecraft:cobblestone":6}},"DataVersion":3955}